-- MySQL dump 10.13  Distrib 5.5.35, for debian-linux-gnu (x86_64)
--
-- Host: eu-cdbr-west-01.cleardb.com    Database: heroku_f5e41c4c02ee9c2
-- ------------------------------------------------------
-- Server version	5.5.29-log

/*!40101 SET @OLD_CHARACTER_SET_CLIENT=@@CHARACTER_SET_CLIENT */;
/*!40101 SET @OLD_CHARACTER_SET_RESULTS=@@CHARACTER_SET_RESULTS */;
/*!40101 SET @OLD_COLLATION_CONNECTION=@@COLLATION_CONNECTION */;
/*!40101 SET NAMES utf8 */;
/*!40103 SET @OLD_TIME_ZONE=@@TIME_ZONE */;
/*!40103 SET TIME_ZONE='+00:00' */;
/*!40014 SET @OLD_UNIQUE_CHECKS=@@UNIQUE_CHECKS, UNIQUE_CHECKS=0 */;
/*!40014 SET @OLD_FOREIGN_KEY_CHECKS=@@FOREIGN_KEY_CHECKS, FOREIGN_KEY_CHECKS=0 */;
/*!40101 SET @OLD_SQL_MODE=@@SQL_MODE, SQL_MODE='NO_AUTO_VALUE_ON_ZERO' */;
/*!40111 SET @OLD_SQL_NOTES=@@SQL_NOTES, SQL_NOTES=0 */;

--
-- Table structure for table `countries`
--

DROP TABLE IF EXISTS `countries`;
/*!40101 SET @saved_cs_client     = @@character_set_client */;
/*!40101 SET character_set_client = utf8 */;
CREATE TABLE `countries` (
  `id` int(11) NOT NULL AUTO_INCREMENT,
  `title` varchar(255) DEFAULT NULL,
  `code` varchar(255) DEFAULT NULL,
  PRIMARY KEY (`id`)
) ENGINE=InnoDB AUTO_INCREMENT=2501 DEFAULT CHARSET=utf8;
/*!40101 SET character_set_client = @saved_cs_client */;

--
-- Dumping data for table `countries`
--

LOCK TABLES `countries` WRITE;
/*!40000 ALTER TABLE `countries` DISABLE KEYS */;
INSERT INTO `countries` VALUES (1,'Австралия','AU'),(11,'Австрия','AT'),(21,'Азербайджан','AZ'),(31,'Албания','AL'),(41,'Алжир','DZ'),(51,'Американский Самоа','AS'),(61,'Ангилья','AI'),(71,'Англия',''),(81,'Ангола','AO'),(91,'Андорра','AD'),(101,'Антарктика','AQ'),(111,'Антигуа и Барбуда','AG'),(121,'Антильские острова','AN'),(131,'Арабские Эмираты','AE'),(141,'Аргентина','AR'),(151,'Армения','AM'),(161,'Аруба','AW'),(171,'Афганистан','AF'),(181,'Багамские острова','BS'),(191,'Бангладеш','BD'),(201,'Барбадос','BB'),(211,'Бахрейн','BH'),(221,'Беларусь','BY'),(231,'Белиз','BZ'),(241,'Бельгия','BE'),(251,'Бенин','BJ'),(261,'Бермуды','BM'),(271,'Болгария','BG'),(281,'Боливия','BO'),(291,'Босния и Герцеговина','BA'),(301,'Ботсвана','BW'),(311,'Бразилия','BR'),(321,'Британские территории Индийского океана','IO'),(331,'Бруней','BN'),(341,'Буркина Фасо','BF'),(351,'Бурунди','BI'),(361,'Бутан','BT'),(371,'в космосе',''),(381,'в полете',''),(391,'Вануату','VU'),(401,'Ватикан','VA'),(411,'Великобритания','GB'),(421,'Венгрия','HU'),(431,'Венесуэла','VE'),(441,'Виргинские острова (Британские)','VG'),(451,'Виргинские острова (США)','VI'),(461,'Восточный Тимор','TL'),(471,'Вьетнам','VN'),(481,'Габон','GA'),(491,'Гаити','HT'),(501,'Гайана','GY'),(511,'Гамбия','GM'),(521,'Гана','GH'),(531,'Гваделупа','GP'),(541,'Гватемала','GT'),(551,'Гвинея','GN'),(561,'Гвинея-Бисау','GW'),(571,'Германия','DE'),(581,'Гибралтар','GI'),(591,'Гондурас','HN'),(601,'Гонконг (Китай)','HK'),(611,'Гренада','GD'),(621,'Гренландия','GL'),(631,'Греция','GR'),(641,'Грузия','GE'),(651,'Гуам','GU'),(661,'Дания','DK'),(671,'Демократическая республика Конго','CD'),(681,'Джибути','DJ'),(691,'Доминика','DM'),(701,'Доминиканская республика','DO'),(711,'Египет','EG'),(721,'ЕС',''),(731,'Замбия','ZM'),(741,'Западная Сахара','EH'),(751,'Зимбабве','ZW'),(761,'Израиль','IL'),(771,'Индия','IN'),(781,'Индонезия','ID'),(791,'Иордания','JO'),(801,'Ирак','IQ'),(811,'Иран','IR'),(821,'Ирландия','IE'),(831,'Исландия','IS'),(841,'Испания','ES'),(851,'Италия','IT'),(861,'Йемен','YE'),(871,'Казахстан','KZ'),(881,'Каймановы острова','KY'),(891,'Камбоджа','KH'),(901,'Камерун','CM'),(911,'Канада','CA'),(921,'Катар','QA'),(931,'Кения','KE'),(941,'Кипр','CY'),(951,'Кирибати','KI'),(961,'Китайская Народная Республика','CN'),(971,'Кокосовые острова','CC'),(981,'Колумбия','CO'),(991,'Коморские острова','KM'),(1001,'Конго','CG'),(1011,'Корейская Народная Демократическая республика','KP'),(1021,'Корея','KR'),(1031,'Коста Рика','CR'),(1041,'Кот-д\'Ивуар','CI'),(1051,'Куба','CU'),(1061,'Кувейт','KW'),(1071,'Кыргызстан','KG'),(1081,'Лаос','LA'),(1091,'Латвия','LV'),(1101,'Лесото','LS'),(1111,'Либерия','LR'),(1121,'Ливан','LB'),(1131,'Ливия','LY'),(1141,'Литва','LT'),(1151,'Лихтенштейн','LI'),(1161,'Люксембург','LU'),(1171,'Маврикий','MU'),(1181,'Мавритания','MR'),(1191,'Мадагаскар','MG'),(1201,'Майотта','YT'),(1211,'Макао (Китай)','MO'),(1221,'Македония','MK'),(1231,'Малави','MW'),(1241,'Малайзия','MY'),(1251,'Мали','ML'),(1261,'Мальдивские острова','MV'),(1271,'Мальта','MT'),(1281,'Марианские острова','MP'),(1291,'Марокко','MA'),(1301,'Мартиника','MQ'),(1311,'Маршалловы острова','MH'),(1321,'Мексика','MX'),(1331,'Микронезия','FM'),(1341,'Мозамбик','MZ'),(1351,'Молдова','MD'),(1361,'Монако','MC'),(1371,'Монголия','MN'),(1381,'Монтсеррат','MS'),(1391,'Мьянма','MM'),(1401,'на море',''),(1411,'Намибия','NA'),(1421,'Науру','NR'),(1431,'Непал','NP'),(1441,'Нигер','NE'),(1451,'Нигерия','NG'),(1461,'Нидерланды','NL'),(1471,'Никарагуа','NI'),(1481,'Ниуэ','NU'),(1491,'Новая Зеландия','NZ'),(1501,'Новая Каледония','NC'),(1511,'Норвегия','NO'),(1521,'Нормандские острова',''),(1531,'Оман','OM'),(1541,'ООН',''),(1551,'остров Буве','BV'),(1561,'остров Мэн',''),(1571,'остров Норфолк','NF'),(1581,'остров Питкэрн','PN'),(1591,'остров Рождества','CX'),(1601,'остров Святой Елены','SH'),(1611,'острова Валлис и Футуна','WF'),(1621,'острова Герда и МакДональда','HM'),(1631,'острова Зеленого Мыса','CV'),(1641,'острова Кука','CK'),(1651,'острова Самоа','WS'),(1661,'острова Свалбард и Ян Майен','SJ'),(1671,'острова Туркс и Кайкос','TC'),(1681,'Отдаленные Острова США','UM'),(1691,'Пакистан','PK'),(1701,'Палау','PW'),(1711,'Палестина','PS'),(1721,'Панама','PA'),(1731,'Папуа - Новая Гвинея','PG'),(1741,'Парагвай','PY'),(1751,'Перу','PE'),(1761,'Польша','PL'),(1771,'Португалия','PT'),(1781,'Пуэрто-Рико','PR'),(1791,'Реюньон','RE'),(1801,'Россия','RU'),(1811,'Руанда','RW'),(1821,'Румыния','RO'),(1831,'Сальвадор','SV'),(1841,'Сан-Марино','SM'),(1851,'Сан-Томе и Принсипи','ST'),(1861,'Саудовская Аравия','SA'),(1871,'Свазиленд','SZ'),(1881,'Северная Ирландия',''),(1891,'Сейшельские острова','SC'),(1901,'Сен-Пьер и Микелон','PM'),(1911,'Сенегал','SN'),(1921,'Сент-Винсент и Гренадины','VC'),(1931,'Сент-Китс и Невис','KN'),(1941,'Сент-Люсия','LC'),(1951,'Сингапур','SG'),(1961,'Сирия','SY'),(1971,'Словакия','SK'),(1981,'Словения','SI'),(1991,'США','US'),(2001,'Соломоновы острова','SB'),(2011,'Сомали','SO'),(2021,'Судан','SD'),(2031,'Суринам','SR'),(2041,'Сьерра-Леоне','SL'),(2051,'Таджикистан','TJ'),(2061,'Тайвань (Республика Китай)','TW'),(2071,'Тайланд','TH'),(2081,'Танзания','TZ'),(2091,'Того','TG'),(2101,'Токелау','TK'),(2111,'Тонга','TO'),(2121,'Тринидад и Тобаго','TT'),(2131,'Тувалу','TV'),(2141,'Тунис','TN'),(2151,'Туркменистан','TM'),(2161,'Турция','TR'),(2171,'Уганда','UG'),(2181,'Узбекистан','UZ'),(2191,'Украина','UA'),(2201,'Уругвай','UY'),(2211,'Уэльс',''),(2221,'Фарерские острова','FO'),(2231,'Фиджи','FJ'),(2241,'Филиппины','PH'),(2251,'Финляндия','FI'),(2261,'Фолклендские (Мальвинские) острова','FK'),(2271,'Франция','FR'),(2281,'Французская Гвиана','GF'),(2291,'Французская Полинезия','PF'),(2301,'Французские Южные Территории','TF'),(2311,'Хорватия','HR'),(2321,'Центральная Африканская Республика','CF'),(2331,'Чад','TD'),(2341,'Чехия','CZ'),(2351,'Чили','CL'),(2361,'Швейцария','CH'),(2371,'Швеция','SE'),(2381,'Шотландия',''),(2391,'Шри Ланка','LK'),(2401,'Эквадор','EC'),(2411,'Экваториальная Гвинея','GQ'),(2421,'Эритрея','ER'),(2431,'Эстония','EE'),(2441,'Эфиопия','ET'),(2451,'ЮАР','ZA'),(2461,'Югославия','YU'),(2471,'Южная Георгия и Южные Сандвичевы острова','GS'),(2481,'Ямайка','JM'),(2491,'Япония','JP');
/*!40000 ALTER TABLE `countries` ENABLE KEYS */;
UNLOCK TABLES;

--
-- Table structure for table `film_countries`
--

DROP TABLE IF EXISTS `film_countries`;
/*!40101 SET @saved_cs_client     = @@character_set_client */;
/*!40101 SET character_set_client = utf8 */;
CREATE TABLE `film_countries` (
  `id` int(11) NOT NULL AUTO_INCREMENT,
  `film_id` int(11) DEFAULT NULL,
  `country_id` int(11) DEFAULT NULL,
  `created_at` datetime DEFAULT NULL,
  `updated_at` datetime DEFAULT NULL,
  PRIMARY KEY (`id`)
) ENGINE=InnoDB AUTO_INCREMENT=2241 DEFAULT CHARSET=utf8;
/*!40101 SET character_set_client = @saved_cs_client */;

--
-- Dumping data for table `film_countries`
--

LOCK TABLES `film_countries` WRITE;
/*!40000 ALTER TABLE `film_countries` DISABLE KEYS */;
INSERT INTO `film_countries` VALUES (141,121,1991,'2014-02-05 10:10:50','2014-02-05 10:10:50'),(151,131,1991,'2014-02-05 10:12:57','2014-02-05 10:12:57'),(161,141,841,'2014-02-05 10:14:12','2014-02-05 10:14:12'),(171,141,1991,'2014-02-05 10:14:12','2014-02-05 10:14:12'),(181,151,1991,'2014-02-05 10:14:50','2014-02-05 10:14:50'),(191,161,1991,'2014-02-05 10:15:32','2014-02-05 10:15:32'),(201,171,411,'2014-02-05 10:17:46','2014-02-05 10:17:46'),(211,171,571,'2014-02-05 10:17:46','2014-02-05 10:17:46'),(221,171,1991,'2014-02-05 10:17:46','2014-02-05 10:17:46'),(231,171,2341,'2014-02-05 10:17:46','2014-02-05 10:17:46'),(241,181,411,'2014-02-05 10:18:18','2014-02-05 10:18:18'),(251,181,1991,'2014-02-05 10:18:18','2014-02-05 10:18:18'),(261,191,411,'2014-02-05 10:18:47','2014-02-05 10:18:47'),(271,191,1271,'2014-02-05 10:18:47','2014-02-05 10:18:47'),(281,191,1991,'2014-02-05 10:18:47','2014-02-05 10:18:47'),(291,201,411,'2014-02-05 10:19:07','2014-02-05 10:19:07'),(301,201,1991,'2014-02-05 10:19:07','2014-02-05 10:19:07'),(311,211,411,'2014-02-05 10:19:38','2014-02-05 10:19:38'),(321,211,821,'2014-02-05 10:19:38','2014-02-05 10:19:38'),(331,211,1991,'2014-02-05 10:19:38','2014-02-05 10:19:38'),(341,221,411,'2014-02-05 10:20:08','2014-02-05 10:20:08'),(351,221,571,'2014-02-05 10:20:08','2014-02-05 10:20:08'),(361,221,851,'2014-02-05 10:20:08','2014-02-05 10:20:08'),(371,221,1461,'2014-02-05 10:20:08','2014-02-05 10:20:08'),(381,221,1991,'2014-02-05 10:20:08','2014-02-05 10:20:08'),(391,221,2271,'2014-02-05 10:20:08','2014-02-05 10:20:08'),(401,231,411,'2014-02-05 10:20:45','2014-02-05 10:20:45'),(411,231,571,'2014-02-05 10:20:45','2014-02-05 10:20:45'),(421,231,1991,'2014-02-05 10:20:45','2014-02-05 10:20:45'),(431,251,411,'2014-02-05 10:21:23','2014-02-05 10:21:23'),(441,251,571,'2014-02-05 10:21:23','2014-02-05 10:21:23'),(451,251,661,'2014-02-05 10:21:23','2014-02-05 10:21:23'),(461,251,1291,'2014-02-05 10:21:23','2014-02-05 10:21:23'),(471,251,1511,'2014-02-05 10:21:23','2014-02-05 10:21:23'),(481,251,2251,'2014-02-05 10:21:23','2014-02-05 10:21:23'),(491,251,2371,'2014-02-05 10:21:23','2014-02-05 10:21:23'),(501,261,411,'2014-02-05 10:21:43','2014-02-05 10:21:43'),(511,261,571,'2014-02-05 10:21:43','2014-02-05 10:21:43'),(521,261,661,'2014-02-05 10:21:43','2014-02-05 10:21:43'),(531,261,1511,'2014-02-05 10:21:43','2014-02-05 10:21:43'),(541,261,2251,'2014-02-05 10:21:43','2014-02-05 10:21:43'),(551,261,2371,'2014-02-05 10:21:43','2014-02-05 10:21:43'),(561,271,411,'2014-02-05 10:22:30','2014-02-05 10:22:30'),(571,271,661,'2014-02-05 10:22:30','2014-02-05 10:22:30'),(581,281,571,'2014-02-05 10:30:42','2014-02-05 10:30:42'),(591,281,1991,'2014-02-05 10:30:42','2014-02-05 10:30:42'),(601,291,1991,'2014-02-05 10:31:07','2014-02-05 10:31:07'),(611,301,411,'2014-02-05 10:31:31','2014-02-05 10:31:31'),(621,301,1991,'2014-02-05 10:31:31','2014-02-05 10:31:31'),(631,311,1,'2014-02-05 10:31:54','2014-02-05 10:31:54'),(641,311,411,'2014-02-05 10:31:54','2014-02-05 10:31:54'),(651,311,831,'2014-02-05 10:31:54','2014-02-05 10:31:54'),(661,311,911,'2014-02-05 10:31:54','2014-02-05 10:31:54'),(671,311,1991,'2014-02-05 10:31:54','2014-02-05 10:31:54'),(681,321,411,'2014-02-05 10:32:11','2014-02-05 10:32:11'),(691,321,571,'2014-02-05 10:32:11','2014-02-05 10:32:11'),(701,321,851,'2014-02-05 10:32:11','2014-02-05 10:32:11'),(711,321,2451,'2014-02-05 10:32:11','2014-02-05 10:32:11'),(721,331,571,'2014-02-05 10:33:44','2014-02-05 10:33:44'),(731,331,1991,'2014-02-05 10:33:44','2014-02-05 10:33:44'),(741,341,1991,'2014-02-05 10:34:04','2014-02-05 10:34:04'),(751,341,2341,'2014-02-05 10:34:04','2014-02-05 10:34:04'),(761,351,1991,'2014-02-05 10:34:28','2014-02-05 10:34:28'),(771,361,411,'2014-02-05 10:34:47','2014-02-05 10:34:47'),(781,371,1991,'2014-02-05 10:35:33','2014-02-05 10:35:33'),(791,381,411,'2014-02-05 10:38:48','2014-02-05 10:38:48'),(801,381,2271,'2014-02-05 10:38:48','2014-02-05 10:38:48'),(811,391,1991,'2014-02-05 10:39:13','2014-02-05 10:39:13'),(821,401,1991,'2014-02-05 10:40:39','2014-02-05 10:40:39'),(831,411,411,'2014-02-05 10:41:01','2014-02-05 10:41:01'),(841,411,851,'2014-02-05 10:41:01','2014-02-05 10:41:01'),(851,411,2141,'2014-02-05 10:41:01','2014-02-05 10:41:01'),(861,411,2271,'2014-02-05 10:41:01','2014-02-05 10:41:01'),(871,421,1991,'2014-02-05 10:41:23','2014-02-05 10:41:23'),(881,431,411,'2014-02-05 10:43:03','2014-02-05 10:43:03'),(891,441,411,'2014-02-05 10:43:50','2014-02-05 10:43:50'),(901,441,821,'2014-02-05 10:43:50','2014-02-05 10:43:50'),(911,441,911,'2014-02-05 10:43:50','2014-02-05 10:43:50'),(921,441,1991,'2014-02-05 10:43:50','2014-02-05 10:43:50'),(931,451,411,'2014-02-05 10:44:16','2014-02-05 10:44:16'),(941,451,1991,'2014-02-05 10:44:16','2014-02-05 10:44:16'),(951,461,411,'2014-02-05 10:45:44','2014-02-05 10:45:44'),(961,461,571,'2014-02-05 10:45:44','2014-02-05 10:45:44'),(971,471,841,'2014-02-05 10:46:30','2014-02-05 10:46:30'),(981,471,1461,'2014-02-05 10:46:30','2014-02-05 10:46:30'),(991,471,1991,'2014-02-05 10:46:30','2014-02-05 10:46:30'),(1001,481,1991,'2014-02-05 10:48:31','2014-02-05 10:48:31'),(1011,491,851,'2014-02-05 10:52:27','2014-02-05 10:52:27'),(1021,491,1991,'2014-02-05 10:52:27','2014-02-05 10:52:27'),(1031,501,411,'2014-02-05 10:52:51','2014-02-05 10:52:51'),(1041,501,1271,'2014-02-05 10:52:51','2014-02-05 10:52:51'),(1051,501,1991,'2014-02-05 10:52:51','2014-02-05 10:52:51'),(1061,501,2271,'2014-02-05 10:52:51','2014-02-05 10:52:51'),(1071,511,411,'2014-02-05 10:54:23','2014-02-05 10:54:23'),(1081,511,421,'2014-02-05 10:54:23','2014-02-05 10:54:23'),(1091,511,571,'2014-02-05 10:54:23','2014-02-05 10:54:23'),(1101,511,1991,'2014-02-05 10:54:23','2014-02-05 10:54:23'),(1111,521,411,'2014-02-05 10:54:34','2014-02-05 10:54:34'),(1121,521,2271,'2014-02-05 10:54:34','2014-02-05 10:54:34'),(1131,521,2341,'2014-02-05 10:54:34','2014-02-05 10:54:34'),(1141,531,571,'2014-02-05 10:54:56','2014-02-05 10:54:56'),(1151,531,1991,'2014-02-05 10:54:56','2014-02-05 10:54:56'),(1161,541,1991,'2014-02-05 10:55:18','2014-02-05 10:55:18'),(1171,551,1491,'2014-02-05 10:55:38','2014-02-05 10:55:38'),(1181,551,1991,'2014-02-05 10:55:38','2014-02-05 10:55:38'),(1191,561,1991,'2014-02-05 10:56:00','2014-02-05 10:56:00'),(1201,571,1991,'2014-02-05 10:56:21','2014-02-05 10:56:21'),(1211,581,1991,'2014-02-05 10:56:53','2014-02-05 10:56:53'),(1221,591,571,'2014-02-05 10:57:10','2014-02-05 10:57:10'),(1231,591,1991,'2014-02-05 10:57:10','2014-02-05 10:57:10'),(1241,601,571,'2014-02-05 10:58:49','2014-02-05 10:58:49'),(1251,601,1991,'2014-02-05 10:58:49','2014-02-05 10:58:49'),(1261,611,411,'2014-02-05 10:59:00','2014-02-05 10:59:00'),(1271,621,911,'2014-02-05 11:00:25','2014-02-05 11:00:25'),(1281,621,1991,'2014-02-05 11:00:25','2014-02-05 11:00:25'),(1291,631,411,'2014-02-05 11:00:55','2014-02-05 11:00:55'),(1301,631,821,'2014-02-05 11:00:55','2014-02-05 11:00:55'),(1311,631,1991,'2014-02-05 11:00:55','2014-02-05 11:00:55'),(1321,641,1991,'2014-02-05 11:01:42','2014-02-05 11:01:42'),(1331,651,1991,'2014-02-05 11:02:31','2014-02-05 11:02:31'),(1341,661,821,'2014-02-05 11:06:07','2014-02-05 11:06:07'),(1351,661,911,'2014-02-05 11:06:07','2014-02-05 11:06:07'),(1361,661,1991,'2014-02-05 11:06:07','2014-02-05 11:06:07'),(1371,671,421,'2014-02-05 11:06:41','2014-02-05 11:06:41'),(1381,671,821,'2014-02-05 11:06:41','2014-02-05 11:06:41'),(1391,671,911,'2014-02-05 11:06:41','2014-02-05 11:06:41'),(1401,681,851,'2014-02-05 11:09:09','2014-02-05 11:09:09'),(1411,681,2271,'2014-02-05 11:09:09','2014-02-05 11:09:09'),(1421,691,1991,'2014-02-05 11:11:24','2014-02-05 11:11:24'),(1431,701,1991,'2014-02-05 11:11:53','2014-02-05 11:11:53'),(1441,711,411,'2014-02-05 11:12:11','2014-02-05 11:12:11'),(1451,711,851,'2014-02-05 11:12:11','2014-02-05 11:12:11'),(1461,711,2271,'2014-02-05 11:12:11','2014-02-05 11:12:11'),(1471,721,2271,'2014-02-05 11:12:49','2014-02-05 11:12:49'),(1481,731,411,'2014-02-05 11:14:32','2014-02-05 11:14:32'),(1491,731,571,'2014-02-05 11:14:32','2014-02-05 11:14:32'),(1501,731,1991,'2014-02-05 11:14:32','2014-02-05 11:14:32'),(1511,731,2491,'2014-02-05 11:14:32','2014-02-05 11:14:32'),(1521,751,571,'2014-02-05 11:17:47','2014-02-05 11:17:47'),(1531,751,1991,'2014-02-05 11:17:47','2014-02-05 11:17:47'),(1541,761,1991,'2014-02-05 11:18:54','2014-02-05 11:18:54'),(1551,771,1991,'2014-02-05 11:20:21','2014-02-05 11:20:21'),(1561,781,1991,'2014-02-05 11:20:49','2014-02-05 11:20:49'),(1571,791,911,'2014-02-05 11:21:07','2014-02-05 11:21:07'),(1581,791,1991,'2014-02-05 11:21:07','2014-02-05 11:21:07'),(1591,801,1991,'2014-02-05 11:23:19','2014-02-05 11:23:19'),(1601,811,1,'2014-02-05 11:24:17','2014-02-05 11:24:17'),(1611,811,1991,'2014-02-05 11:24:17','2014-02-05 11:24:17'),(1621,821,1991,'2014-02-05 11:25:20','2014-02-05 11:25:20'),(1631,831,1991,'2014-02-05 11:26:01','2014-02-05 11:26:01'),(1641,841,1991,'2014-02-05 11:27:05','2014-02-05 11:27:05'),(1651,851,1991,'2014-02-05 11:27:26','2014-02-05 11:27:26'),(1661,861,2271,'2014-02-05 11:35:10','2014-02-05 11:35:10'),(1671,871,1991,'2014-02-05 11:36:25','2014-02-05 11:36:25'),(1691,891,1991,'2014-02-05 11:36:44','2014-02-05 11:36:44'),(1701,901,1991,'2014-02-05 11:37:01','2014-02-05 11:37:01'),(1711,911,1991,'2014-02-05 11:37:23','2014-02-05 11:37:23'),(1721,921,1991,'2014-02-05 11:40:17','2014-02-05 11:40:17'),(1731,931,571,'2014-02-05 11:41:18','2014-02-05 11:41:18'),(1741,931,1991,'2014-02-05 11:41:18','2014-02-05 11:41:18'),(1751,941,411,'2014-02-05 11:41:38','2014-02-05 11:41:38'),(1761,941,571,'2014-02-05 11:41:38','2014-02-05 11:41:38'),(1771,941,911,'2014-02-05 11:41:38','2014-02-05 11:41:38'),(1781,941,1991,'2014-02-05 11:41:38','2014-02-05 11:41:38'),(1791,941,2271,'2014-02-05 11:41:38','2014-02-05 11:41:38'),(1801,951,571,'2014-02-05 11:42:01','2014-02-05 11:42:01'),(1811,951,911,'2014-02-05 11:42:01','2014-02-05 11:42:01'),(1821,951,1991,'2014-02-05 11:42:01','2014-02-05 11:42:01'),(1831,951,2271,'2014-02-05 11:42:01','2014-02-05 11:42:01'),(1841,961,571,'2014-02-05 11:42:22','2014-02-05 11:42:22'),(1851,961,911,'2014-02-05 11:42:22','2014-02-05 11:42:22'),(1861,961,1991,'2014-02-05 11:42:22','2014-02-05 11:42:22'),(1871,961,2271,'2014-02-05 11:42:22','2014-02-05 11:42:22'),(1881,981,1,'2014-02-05 11:54:32','2014-02-05 11:54:32'),(1891,981,411,'2014-02-05 11:54:32','2014-02-05 11:54:32'),(1901,981,571,'2014-02-05 11:54:32','2014-02-05 11:54:32'),(1911,981,1991,'2014-02-05 11:54:32','2014-02-05 11:54:32'),(1921,981,2271,'2014-02-05 11:54:32','2014-02-05 11:54:32'),(1931,991,571,'2014-02-05 11:56:02','2014-02-05 11:56:02'),(1941,991,1991,'2014-02-05 11:56:02','2014-02-05 11:56:02'),(1951,1001,1991,'2014-02-05 11:57:57','2014-02-05 11:57:57'),(1961,1011,571,'2014-02-05 11:58:25','2014-02-05 11:58:25'),(1971,1011,1991,'2014-02-05 11:58:25','2014-02-05 11:58:25'),(1981,1021,1991,'2014-02-05 11:59:56','2014-02-05 11:59:56'),(1991,1031,2271,'2014-02-05 12:01:31','2014-02-05 12:01:31'),(2021,1051,411,'2014-02-05 12:02:26','2014-02-05 12:02:26'),(2031,1051,1991,'2014-02-05 12:02:26','2014-02-05 12:02:26'),(2041,1061,571,'2014-02-07 15:19:16','2014-02-07 15:19:16'),(2051,1061,1991,'2014-02-07 15:19:16','2014-02-07 15:19:16'),(2061,1071,1491,'2014-02-11 02:44:53','2014-02-11 02:44:53'),(2071,1071,1991,'2014-02-11 02:44:53','2014-02-11 02:44:53'),(2081,1081,1991,'2014-02-12 18:12:18','2014-02-12 18:12:18'),(2091,1091,1991,'2014-02-12 18:12:51','2014-02-12 18:12:51'),(2101,1101,411,'2014-02-27 09:48:08','2014-02-27 09:48:08'),(2111,1101,1991,'2014-02-27 09:48:08','2014-02-27 09:48:08'),(2121,1111,411,'2014-03-02 05:46:13','2014-03-02 05:46:13'),(2131,1111,1991,'2014-03-02 05:46:13','2014-03-02 05:46:13'),(2141,1121,1991,'2014-03-05 11:44:06','2014-03-05 11:44:06'),(2151,1131,911,'2014-03-05 11:44:35','2014-03-05 11:44:35'),(2161,1131,1991,'2014-03-05 11:44:35','2014-03-05 11:44:35'),(2171,1131,2161,'2014-03-05 11:44:35','2014-03-05 11:44:35'),(2181,1131,2271,'2014-03-05 11:44:35','2014-03-05 11:44:35'),(2191,1141,1991,'2014-03-06 09:00:36','2014-03-06 09:00:36'),(2201,1151,411,'2014-03-11 13:01:28','2014-03-11 13:01:28'),(2211,1151,1991,'2014-03-11 13:01:28','2014-03-11 13:01:28'),(2221,1161,2161,'2014-03-11 13:02:33','2014-03-11 13:02:33'),(2231,1171,1991,'2014-03-11 13:03:04','2014-03-11 13:03:04');
/*!40000 ALTER TABLE `film_countries` ENABLE KEYS */;
UNLOCK TABLES;

--
-- Table structure for table `films`
--

DROP TABLE IF EXISTS `films`;
/*!40101 SET @saved_cs_client     = @@character_set_client */;
/*!40101 SET character_set_client = utf8 */;
CREATE TABLE `films` (
  `id` int(11) NOT NULL AUTO_INCREMENT,
  `title` varchar(255) DEFAULT NULL,
  `year` int(11) DEFAULT NULL,
  `slogan` varchar(255) DEFAULT NULL,
  `budget` int(11) DEFAULT NULL,
  `rating` decimal(8,2) DEFAULT NULL,
  `our_rating` float DEFAULT NULL,
  `duration` int(11) DEFAULT NULL,
  `is_viewed` tinyint(1) DEFAULT '0',
  `created_at` datetime DEFAULT NULL,
  `updated_at` datetime DEFAULT NULL,
  `image` varchar(255) DEFAULT NULL,
  `views_count` int(11) DEFAULT '0',
  `url` varchar(255) DEFAULT NULL,
  PRIMARY KEY (`id`)
) ENGINE=InnoDB AUTO_INCREMENT=1181 DEFAULT CHARSET=utf8;
/*!40101 SET character_set_client = @saved_cs_client */;

--
-- Dumping data for table `films`
--

LOCK TABLES `films` WRITE;
/*!40000 ALTER TABLE `films` DISABLE KEYS */;
INSERT INTO `films` VALUES (121,'300 спартанцев: Расцвет империи',2014,'«Смерти вопреки»',NULL,NULL,NULL,102,0,'2014-02-05 10:10:50','2014-02-05 10:10:50','v1391595052/ata9w0cfredewr8filsj.jpg',0,'http://www.kinopoisk.ru/film/418839/'),(131,'Хранители',2009,'«Правосудие настигнет каждого из нас. Не важно за что»',130000000,7.42,NULL,162,0,'2014-02-05 10:12:57','2014-02-11 03:53:28','v1392090810/grha1lqabyd31lknjuda.jpg',0,'http://www.kinopoisk.ru/film/252641/'),(141,'Царство небесное',2005,'«Be without fear in the face of your enemies. Safeguard the helpless, and do no wrong»',130000000,7.60,NULL,145,0,'2014-02-05 10:14:12','2014-02-10 06:38:23','v1392014305/rug7hm5ih1sr546b0zd0.jpg',0,'http://www.kinopoisk.ru/film/2602/'),(151,'Беовульф',2007,'«Гордость - это проклятие»',150000000,6.34,NULL,113,0,'2014-02-05 10:14:50','2014-02-05 10:14:50','v1391595291/vfvlcijlirfhdffhcgjq.jpg',0,'http://www.kinopoisk.ru/film/102232/'),(161,'Мститель',2008,'«Down these mean streets a man must come. A hero born, murdered, and born again»',60000000,5.71,NULL,103,0,'2014-02-05 10:15:32','2014-02-05 10:15:32','v1391595333/zn2xsrb1v2ihgfdpmjkf.jpg',0,'http://www.kinopoisk.ru/film/279540/'),(171,'Лига выдающихся джентльменов',2003,'«A vampire... A killer with a kiss»',78000000,6.97,NULL,110,0,'2014-02-05 10:17:46','2014-02-12 17:00:27','v1392224428/yhcbwhwobqb9sskkzax8.jpg',0,'http://www.kinopoisk.ru/film/7975/'),(181,'Робин Гуд',2010,'«О нём слагали легенды»',200000000,7.37,NULL,148,0,'2014-02-05 10:18:18','2014-02-05 10:18:18','v1391595500/l5yzrcl6tk5mgojrms8y.jpg',0,'http://www.kinopoisk.ru/film/278177/'),(191,'Троя',2004,'«For Troy»',175000000,8.08,NULL,163,0,'2014-02-05 10:18:47','2014-02-05 10:18:47','v1391595528/tzmagymbakkkc42vuzgo.jpg',0,'http://www.kinopoisk.ru/film/3442/'),(201,'Гладиатор',2000,'«Генерал, ставший рабом. Раб, ставший гладиатором. Гладиатор, бросивший вызов империи»',103000000,8.61,NULL,155,0,'2014-02-05 10:19:07','2014-02-05 10:19:07','v1391595548/zx2clntikkxpojc5obtd.jpg',0,'http://www.kinopoisk.ru/film/474/'),(211,'Король Артур',2004,'«The Untold True Story That Inspired The Legend»',120000000,7.18,NULL,126,0,'2014-02-05 10:19:38','2014-02-05 10:19:38','v1391595579/ulpquv5cagj7i3mwbxii.jpg',0,'http://www.kinopoisk.ru/film/22138/'),(221,'Александр',2004,'«Судьба благоволит храбрым»',155000000,7.17,NULL,175,0,'2014-02-05 10:20:08','2014-02-05 10:20:08','v1391595610/bd11s2hdomcfwhhoc4k2.jpg',0,'http://www.kinopoisk.ru/film/4721/'),(231,'Железный рыцарь',2010,'«И хлынет кровь»',NULL,6.71,NULL,121,0,'2014-02-05 10:20:45','2014-02-05 10:20:45','v1391595647/fdmaheswrmmu9wdvegbf.jpg',0,'http://www.kinopoisk.ru/film/415112/'),(251,'Арн: Рыцарь-тамплиер',2007,'«In a Time of War and Betrayal, a Hero Will Rise»',NULL,7.16,NULL,139,1,'2014-02-05 10:21:23','2014-02-10 15:15:35','v1392045337/ljnifnkrxtkyy7pnhpn9.jpg',0,'http://www.kinopoisk.ru/film/266758/'),(261,'Арн: Объединенное королевство',2008,'-',NULL,7.28,NULL,128,1,'2014-02-05 10:21:43','2014-02-11 10:32:58','v1391595704/s80dy48cad6dwu9si4dt.jpg',0,'http://www.kinopoisk.ru/film/277390/'),(271,'Вальгалла: Сага о викинге',2009,'«Тайны неизведанных земель...»',30638,6.70,NULL,93,0,'2014-02-05 10:22:30','2014-02-05 10:22:30','v1391595751/catg5mxubgv38jxj6bwb.jpg',0,'http://www.kinopoisk.ru/film/266759/'),(281,'Викинги',2008,'«It destroyed his world. He won\'t let it destroy ours»',50000000,6.49,NULL,115,0,'2014-02-05 10:30:42','2014-02-11 13:48:30','v1392126513/nqyupnfieqjjoapsgykj.jpg',0,'http://www.kinopoisk.ru/film/195457/'),(291,'13-й воин',1999,'«Prey for the living»',160000000,7.54,NULL,102,1,'2014-02-05 10:31:07','2014-02-21 15:43:10','v1392126579/veq2qwqe43fke9l4hn1j.jpg',0,'http://www.kinopoisk.ru/film/10273/'),(301,'Беовульф',1999,'«Открой свою тёмную сторону»',NULL,5.68,NULL,95,1,'2014-02-05 10:31:31','2014-02-12 20:39:35','v1391596292/jkwarejimwxyanfgsgtc.jpg',0,'http://www.kinopoisk.ru/film/23696/'),(311,'Беовульф и Грендель',2005,'«Герой. Чудовище. Легенда»',68820,5.84,NULL,103,0,'2014-02-05 10:31:54','2014-02-05 10:31:54','v1391596315/xfx0pax1xwznbt7a3xij.jpg',0,'http://www.kinopoisk.ru/film/77567/'),(321,'Кольцо Нибелунгов (ТВ)',2004,'«The Nordic legend that inspired J.R.R. Tolkien to write the Lord of the Ring trilogy»',NULL,7.23,NULL,184,0,'2014-02-05 10:32:11','2014-02-05 10:32:11','v1391596332/wzwrnwybv2mlz2mnpjvl.jpg',0,'http://www.kinopoisk.ru/film/77403/'),(331,'Шерлок Холмс',2009,'«От них не скроешься»',90000000,8.20,NULL,128,1,'2014-02-05 10:33:44','2014-02-10 06:37:07','v1391596426/dqv9nql6ypdogmu5g2dr.jpg',0,'http://www.kinopoisk.ru/film/420923/'),(341,'Ван Хельсинг',2004,'«The One Name They All Fear»',160000000,7.53,NULL,131,0,'2014-02-05 10:34:04','2014-02-05 10:34:04','v1391596446/jhj7k42xhiegublqe41t.jpg',0,'http://www.kinopoisk.ru/film/3491/'),(351,'Шерлок Холмс: Игра теней',2011,'-',125000000,7.93,NULL,128,1,'2014-02-05 10:34:28','2014-02-10 06:37:08','v1391596469/ptml9zvstiemct8ofqjd.jpg',0,'http://www.kinopoisk.ru/film/474953/'),(361,'Дориан Грей',2009,'«Молодой навсегда. Проклятый навеки»',NULL,6.86,NULL,112,0,'2014-02-05 10:34:47','2014-02-05 10:34:47','v1391596488/ykx22piqe7gseohqdol2.jpg',0,'http://www.kinopoisk.ru/film/415663/'),(371,'Робин Гуд: Принц воров',1991,'«For the good of all men, and the love of one woman, he fought to uphold justice by breaking the law»',48000000,7.67,NULL,155,0,'2014-02-05 10:35:33','2014-02-05 10:35:33','v1391596535/xuroxrmfutnmqz14d3bj.jpg',0,'http://www.kinopoisk.ru/film/6064/'),(381,'Центурион',2010,'«Сражайся или умри»',12000000,6.62,NULL,97,0,'2014-02-05 10:38:48','2014-02-05 10:38:48','v1391596729/hv6i5810k1kv6kwvnuog.jpg',0,'http://www.kinopoisk.ru/film/437833/'),(391,'Белоснежка и охотник',2012,'«Лишь одна будет править»',170000000,6.16,NULL,127,0,'2014-02-05 10:39:13','2014-02-05 10:39:13','v1391596755/tw3rd8jdfuedkbnwxpdo.jpg',0,'http://www.kinopoisk.ru/film/568550/'),(401,'Первый рыцарь',1995,'«Their greatest battle would be for her love»',75000000,7.25,NULL,134,0,'2014-02-05 10:40:39','2014-02-05 10:40:39','v1391596840/nraftapalyhrrwavbh6c.jpg',0,'http://www.kinopoisk.ru/film/17053/'),(411,'Последний легион',2006,'«Мир Древнего Рима гибнет.  Но зарождается миф, которому предначертано соединить века»',67000000,6.07,NULL,102,0,'2014-02-05 10:41:01','2014-02-05 10:41:01','v1391596864/ovfzvvdmi6foultq3nd5.jpg',0,'http://www.kinopoisk.ru/film/179292/'),(421,'История рыцаря',2001,'«From peasant to knight; one man can change his stars»',65000000,7.85,NULL,132,0,'2014-02-05 10:41:23','2014-02-05 10:41:23','v1391596885/ok8ncltrwjrssl5plp8u.jpg',0,'http://www.kinopoisk.ru/film/729/'),(431,'Мерлин (сериал 2008 – 2012)',2008,'«Keep the magic secret»',NULL,7.99,NULL,45,0,'2014-02-05 10:43:03','2014-02-05 10:43:03','v1391596985/gqirhjlev1tgapvqzzf9.jpg',0,'http://www.kinopoisk.ru/film/412375/'),(441,'Камелот (сериал)',2011,'-',NULL,6.26,NULL,50,0,'2014-02-05 10:43:50','2014-02-05 10:43:50','v1391597032/eef0nzvuqoagskmfeksr.jpg',0,'http://www.kinopoisk.ru/film/540854/'),(451,'Игра престолов (сериал 2011 – ...)',2011,'«Победа или смерть»',NULL,9.09,NULL,55,0,'2014-02-05 10:44:16','2014-02-05 10:44:16','v1391597057/to7xacbape3agbc7dule.jpg',0,'http://www.kinopoisk.ru/film/464963/'),(461,'Черная смерть',2010,'«Путешествие в ад...»',10800000,6.72,NULL,98,0,'2014-02-05 10:45:44','2014-02-05 10:45:44','v1391597145/fsczpzpxxk4v7djjqvyg.jpg',0,'http://www.kinopoisk.ru/film/404200/'),(471,'Плоть + кровь',1985,'«A timeless adventure, a passion for wealth and power. Only the strongest will survive»',6500000,7.53,NULL,126,0,'2014-02-05 10:46:30','2014-02-05 10:46:30','v1391597191/n0nl7qy5nh4fgjv5dkz5.jpg',0,'http://www.kinopoisk.ru/film/2704/'),(481,'Следопыт',2007,'«Two Worlds, One War. The Ultimate Battle Begins»',45000000,5.61,NULL,99,0,'2014-02-05 10:48:31','2014-02-05 10:48:31','v1391597312/ijs7h8x2qe2gdhwsbdad.jpg',0,'http://www.kinopoisk.ru/film/161149/'),(491,'Ангелы и Демоны',2009,'«Они пришли, чтобы мстить»',150000000,7.51,NULL,133,0,'2014-02-05 10:52:27','2014-02-05 10:52:27','v1391597548/wjfdc8m4pbousorsbren.jpg',0,'http://www.kinopoisk.ru/film/257401/'),(501,'Код Да Винчи',2006,'«So Dark The Con of Man»',125000000,7.38,NULL,149,0,'2014-02-05 10:52:51','2014-02-05 10:52:51','v1391597573/wc4ichklgjjspbceoke3.jpg',0,'http://www.kinopoisk.ru/film/77711/'),(511,'Другой мир',2003,'«Во время финальной битвы вампиров и оборотней на чьей стороне будете Вы?»',22000000,7.37,NULL,133,0,'2014-02-05 10:54:23','2014-02-05 10:54:23','v1391597665/dcauauxyuhfkdbfbswia.jpg',0,'http://www.kinopoisk.ru/film/8033/'),(521,'Соломон Кейн',2009,'«Заключая сделку с дьяволом – готовься к адской расплате»',NULL,6.13,NULL,104,0,'2014-02-05 10:54:34','2014-02-05 10:54:34','v1391597676/ttu02l8mfbsrkdjakul4.jpg',0,'http://www.kinopoisk.ru/film/279791/'),(531,'Охотники на ведьм',2013,'«Новый поворот старой истории»',50000000,6.54,NULL,87,0,'2014-02-05 10:54:56','2014-02-05 10:54:56','v1391597697/xj6saxvywjisfpiauue6.jpg',0,'http://www.kinopoisk.ru/film/462465/'),(541,'Пастырь',2011,'«И один в поле воин»',60000000,5.98,NULL,87,0,'2014-02-05 10:55:18','2014-02-05 10:55:18','v1391597719/z2vatb0j8zlzkm4viwb8.jpg',0,'http://www.kinopoisk.ru/film/258759/'),(551,'Другой мир: Восстание ликанов',2008,'«У каждой войны есть начало»',35000000,6.87,NULL,92,0,'2014-02-05 10:55:38','2014-02-05 10:55:38','v1391597740/fvxskohaz6s4vifgpb52.jpg',0,'http://www.kinopoisk.ru/film/258772/'),(561,'Блэйд',1998,'«Вампирам не место на Земле»',45000000,7.41,NULL,120,0,'2014-02-05 10:56:00','2014-02-05 10:56:00','v1391597761/b5sucyjqbpho1uzdtogo.jpg',0,'http://www.kinopoisk.ru/film/4554/'),(571,'Другой мир 2: Эволюция',2005,'«Новая глава. Новая раса. Новая битва»',50000000,7.06,NULL,106,0,'2014-02-05 10:56:21','2014-02-05 10:56:21','v1391597782/o43fsffbllnwasbizbhs.jpg',0,'http://www.kinopoisk.ru/film/77441/'),(581,'Другой мир: Пробуждение',2012,'«Месть проснулась»',70000000,6.38,NULL,85,0,'2014-02-05 10:56:53','2014-02-05 10:56:53','v1391597815/ucjf7sgnpgk8sxhvkdpj.jpg',0,'http://www.kinopoisk.ru/film/472368/'),(591,'Блэйд 2',2002,'«Let the combat begin»',54000000,6.96,NULL,117,0,'2014-02-05 10:57:10','2014-02-05 10:57:10','v1391597831/htiqyzklsudvkvdwelja.jpg',0,'http://www.kinopoisk.ru/film/613/'),(601,'Константин: Повелитель тьмы',2005,'«Ад и Рай держат пари на Земле»',100000000,7.77,NULL,121,0,'2014-02-05 10:58:49','2014-02-05 10:58:49','v1391597930/kegkraukxsjlwdx46btb.jpg',0,'http://www.kinopoisk.ru/film/3793/'),(611,'Робин Гуд (сериал 2006 – 2009)',2006,'«We are - Robin Hood»',NULL,7.70,NULL,43,0,'2014-02-05 10:59:00','2014-02-05 10:59:00','v1391597941/vmhyudhmg2zrcouaxmzw.jpg',0,'http://www.kinopoisk.ru/film/399155/'),(621,'Белоснежка: Месть гномов',2012,'«Новые страницы любимой сказки»',85000000,6.02,NULL,106,0,'2014-02-05 11:00:25','2014-02-05 11:00:25','v1391598027/ilbitt0jdxb5y8ugqvwh.jpg',0,'http://www.kinopoisk.ru/film/544226/'),(631,'Заколдованная Элла',2004,'«This Spring...... All spell breaks loose»',31000000,6.77,NULL,96,0,'2014-02-05 11:00:55','2014-02-05 11:00:55','v1391598057/n1unpraibkrvjs7qnhde.jpg',0,'http://www.kinopoisk.ru/film/1713/'),(641,'Зачарованная',2007,'«Все еще ждешь принца?.. Добро пожаловать в реальный мир»',85000000,7.07,NULL,103,0,'2014-02-05 11:01:42','2014-02-05 11:01:42','v1391598104/cpl5qcgw763gczwnqd7m.jpg',0,'http://www.kinopoisk.ru/film/106165/'),(651,'Кейт и Лео',2001,'«If they lived in the same century they\'d be perfect for each other»',48000000,7.66,NULL,113,0,'2014-02-05 11:02:31','2014-02-05 11:02:31','v1391598153/e2bi0flpkd86hhep9rnp.jpg',0,'http://www.kinopoisk.ru/film/724/'),(661,'Тюдоры (сериал 2007 – 2010)',2007,'«Sex. Intrigue. Excess. Treachery. Power. Obsession. Murder»',NULL,8.08,NULL,53,1,'2014-02-05 11:06:07','2014-02-21 15:43:35','v1391598369/dg9cjrc6k43zqp0otbth.jpg',0,'http://www.kinopoisk.ru/film/271970/'),(671,'Борджиа (сериал 2011 – 2013)',2011,'«Flesh and Blood»',NULL,8.05,NULL,55,1,'2014-02-05 11:06:41','2014-03-02 05:47:51','v1393494349/rityjawkxsf5rd8sbafn.jpg',0,'http://www.kinopoisk.ru/film/521722/'),(681,'Имя розы',1986,'«Sie glaubten an Gott und waren des Teufels»',20000000,7.68,NULL,130,0,'2014-02-05 11:09:09','2014-02-05 11:09:09','v1391598550/xjlkqvpol3t62zfjhzlk.jpg',0,'http://www.kinopoisk.ru/film/6500/'),(691,'Сокровище нации',2004,'«Эта тайна хранилась веками... Он думал, что почти разгадал её... Но она оказалась лишь еще одним звеном на пути к сокровищу»',100000000,7.78,NULL,131,0,'2014-02-05 11:11:24','2014-02-05 11:11:24','v1391598686/oqpvlfahyuemo1x4dqqn.jpg',0,'http://www.kinopoisk.ru/film/61333/'),(701,'Сокровище нации: Книга Тайн',2007,'-',130000000,7.58,NULL,124,0,'2014-02-05 11:11:53','2014-02-05 11:11:53','v1391598715/y3eu6kxzpcielxexqadu.jpg',0,'http://www.kinopoisk.ru/film/195408/'),(711,'Багровые реки 2: Ангелы апокалипсиса',2004,'«Время не ждет! Через два часа свершится суд!»',152148,7.10,NULL,97,0,'2014-02-05 11:12:11','2014-02-05 11:12:11','v1391598733/nxk6lpgc1jfpaxemou0c.jpg',0,'http://www.kinopoisk.ru/film/5621/'),(721,'Багровые реки',2000,'«Evil rises to new heights»',14000000,7.61,NULL,106,0,'2014-02-05 11:12:49','2014-02-05 11:12:49','v1391598770/hiptnsmxksvl11f49d26.jpg',0,'http://www.kinopoisk.ru/film/805/'),(731,'Лара Крофт: Расхитительница гробниц',2001,'«The Biggest Adventure Begins 2001»',115000000,6.96,NULL,100,0,'2014-02-05 11:14:32','2014-02-05 11:14:32','v1391598874/fb4inq1uz9tiuh32ekgp.jpg',0,'http://www.kinopoisk.ru/film/3950/'),(751,'Сонная Лощина',1999,'«Вы можете запереть двери. Вы можете закрыть окна. Но сможете ли вы пережить эту ночь?»',100000000,8.05,NULL,105,0,'2014-02-05 11:17:47','2014-02-05 11:17:47','v1391599068/tw0ihem06idm9jqr1c4u.jpg',0,'http://www.kinopoisk.ru/film/5622/'),(761,'Семь',1995,'«Он возомнил себя Богом и начал карать...»',33000000,8.45,NULL,127,0,'2014-02-05 11:18:54','2014-02-05 11:18:54','v1391599135/mnjipucfkyplzu69d54n.jpg',0,'http://www.kinopoisk.ru/film/377/'),(771,'Последователи (сериал 2013 – ...)',2013,'«They will never let go»',NULL,7.35,NULL,43,1,'2014-02-05 11:20:21','2014-02-15 07:53:58','v1392126347/kyq82pu3vhsy3vhk8ooj.jpg',0,'http://www.kinopoisk.ru/film/630101/'),(781,'Законопослушный гражданин',2009,'«Как остановить убийцу, если он уже за решеткой?»',50000000,8.08,NULL,108,0,'2014-02-05 11:20:49','2014-02-05 11:20:49','v1391599251/qevpqkdoncqr7rbn3enp.jpg',0,'http://www.kinopoisk.ru/film/406408/'),(791,'Власть страха',1999,'«Serial killer vs. forensic genius»',73000000,7.58,NULL,118,0,'2014-02-05 11:21:07','2014-02-05 11:21:07','v1391599268/jiwgq86qr0qnwteyxgsd.jpg',0,'http://www.kinopoisk.ru/film/4266/'),(801,'Зодиак',2007,'«Есть много способов умереть от руки убийцы»',65000000,7.37,NULL,158,0,'2014-02-05 11:23:19','2014-02-05 11:23:19','v1391599401/tj2ieyr2tlfin1ktd0wg.jpg',0,'http://www.kinopoisk.ru/film/102838/'),(811,'Воины света',2009,'«В 2019 году самым ценным природным ресурсом будут... люди»',20000000,6.71,NULL,94,1,'2014-02-05 11:24:17','2014-02-09 14:17:09','v1391599459/xnjadtwywmhz8cbhgnrm.jpg',0,'http://www.kinopoisk.ru/film/195718/'),(821,'Хроники Риддика',2004,'«Все силы во вселенной не смогут изменить судьбу»',105000000,7.44,NULL,119,0,'2014-02-05 11:25:20','2014-02-05 11:25:20','v1391599522/ghyxg9ss1qdtqj27c360.jpg',0,'http://www.kinopoisk.ru/film/5900/'),(831,'Миссия «Серенити»',2005,'«Хорошие, плохие, злые»',39000000,7.30,NULL,119,0,'2014-02-05 11:26:01','2014-02-05 11:26:01','v1391599562/g52src7iwm6oc5ew4hph.jpg',0,'http://www.kinopoisk.ru/film/61455/'),(841,'Джон Картер',2012,'«В этом мире у каждого есть второй шанс»',250000000,7.02,NULL,132,0,'2014-02-05 11:27:05','2014-02-05 11:27:05','v1391599626/iso4nvlcjgp7h9l5r6om.jpg',0,'http://www.kinopoisk.ru/film/77540/'),(851,'Три икса',2002,'«Суперагент Третьего Тысячелетия»',70000000,7.31,NULL,124,0,'2014-02-05 11:27:26','2014-02-05 11:27:26','v1391599647/rwlzlek7snf7mzgq2dzm.jpg',0,'http://www.kinopoisk.ru/film/6032/'),(861,'Напролом',2011,'«В одиночку против 500. В чем проблема?»',20000000,6.63,NULL,95,1,'2014-02-05 11:35:10','2014-02-21 15:44:47','v1391600112/q7izcnfqtutkngcjzfvq.jpg',0,'http://www.kinopoisk.ru/film/496888/'),(871,'Легион',2010,'«И идет он со тьмами ангелов своих сотворить суд над всеми. И имя им...»',26000000,5.40,NULL,100,0,'2014-02-05 11:36:25','2014-02-05 11:36:25','v1391600186/yuuaym4q8bt2ojdpfjuh.jpg',0,'http://www.kinopoisk.ru/film/426002/'),(891,'Книга Илая',2009,'«Одни готовы убивать, чтобы завладеть ею. Он готов убивать, чтобы защитить её»',80000000,7.22,NULL,117,0,'2014-02-05 11:36:44','2014-02-05 11:36:44','v1391600205/hnjn7ahamqisdsycray8.jpg',0,'http://www.kinopoisk.ru/film/424266/'),(901,'Эквилибриум',2002,'«Мир, где эмоции караются смертью»',20000000,7.98,NULL,107,0,'2014-02-05 11:37:01','2014-02-05 11:37:01','v1391600222/cwwyathz7pwmcleroytc.jpg',0,'http://www.kinopoisk.ru/film/309/'),(911,'Судья Дредд',1995,'«In the future, one man is the law»',90000000,6.91,NULL,95,0,'2014-02-05 11:37:23','2014-02-05 11:37:23','v1391600244/hsbbntfnml3wcsdigut8.jpg',0,'http://www.kinopoisk.ru/film/5927/'),(921,'Блэйд 3: Троица',2004,'«Последняя охота начинается»',65000000,6.15,NULL,122,0,'2014-02-05 11:40:17','2014-02-05 11:40:17','v1391600419/is9w3hbagfewtvjkjhl0.jpg',0,'http://www.kinopoisk.ru/film/22022/'),(931,'Обитель зла',2002,'«From the Director of Mortal Combat and Event Horizon»',33000000,7.58,NULL,100,0,'2014-02-05 11:41:18','2014-02-05 11:41:18','v1391600480/xeoeglfp4ie3jmh5pmyg.jpg',0,'http://www.kinopoisk.ru/film/801/'),(941,'Обитель зла 2: Апокалипсис',2004,'«Она прошла через катакомбы, кишащие зомби. Теперь на её пути целый город...»',45000000,6.82,NULL,98,0,'2014-02-05 11:41:38','2014-02-05 11:41:38','v1391600500/sztqqerwuxzh75ayd7s9.jpg',0,'http://www.kinopoisk.ru/film/24186/'),(951,'Обитель зла 4: Жизнь после смерти 3D',2010,'«Испытайте новое измерение зла»',60000000,6.17,NULL,96,0,'2014-02-05 11:42:01','2014-02-05 11:42:01','v1391600523/xatngtvmssk2mmsmgbsn.jpg',0,'http://www.kinopoisk.ru/film/409208/'),(961,'Обитель зла: Возмездие',2012,'«Evil goes global»',65000000,5.31,NULL,96,0,'2014-02-05 11:42:22','2014-02-05 11:42:22','v1391600543/xazy2oxenb3tvplqgvna.jpg',0,'http://www.kinopoisk.ru/film/581493/'),(981,'Обитель зла 3',2007,'«На этот раз без компромиссов»',45000000,6.67,NULL,94,0,'2014-02-05 11:54:32','2014-02-05 11:54:32','v1391601274/uslwrk5gkcpwzdyajdmg.jpg',0,'http://www.kinopoisk.ru/film/88172/'),(991,'Адвокат дьявола',1997,'«У зла свой путь к победе»',57000000,8.28,NULL,144,0,'2014-02-05 11:56:02','2014-02-05 11:56:02','v1391601364/j6iakg0qfe1gvahqmg9b.jpg',0,'http://www.kinopoisk.ru/film/3797/'),(1001,'Призрачный патруль',2013,'«Они защищают наш мир от гостей с того света»',130000000,6.43,NULL,96,0,'2014-02-05 11:57:57','2014-02-05 11:57:57','v1391601479/g9timihovn2g3uoeanh8.jpg',0,'http://www.kinopoisk.ru/film/462454/'),(1011,'Пожиратель грехов',2003,'«The Order will find you»',38000000,6.58,NULL,102,0,'2014-02-05 11:58:25','2014-02-05 11:58:25','v1391601506/g2gwgndyqrdgg6dqmyhb.jpg',0,'http://www.kinopoisk.ru/film/12521/'),(1021,'В ловушке времени',2003,'«In 6 hours they\'ll be history!»',80000000,6.37,NULL,116,0,'2014-02-05 11:59:56','2014-02-05 11:59:56','v1391601597/ijctgwxljlcqvl5n9zpv.jpg',0,'http://www.kinopoisk.ru/film/4582/'),(1031,'Пришельцы',1993,'«They Weren\'t Born Yesterday!»',NULL,7.54,NULL,107,0,'2014-02-05 12:01:31','2014-02-05 12:01:31','v1391601692/sc98bj8ciyelbaezdjac.jpg',0,'http://www.kinopoisk.ru/film/14297/'),(1051,'Французский поцелуй',1995,'«Kates\' stuck in a place where anything can happen with a guy who\'ll make sure that it does»',38896854,7.73,NULL,111,0,'2014-02-05 12:02:26','2014-02-05 12:02:26','v1391601748/cvdw06qq9qr6qkjggs65.jpg',0,'http://www.kinopoisk.ru/film/9249/'),(1061,'Обсуждению не подлежит',2002,'«At Sweetwater Prison, The World Heavyweight Champion Is About To Meet His Match»',20000000,6.89,NULL,96,0,'2014-02-07 15:19:16','2014-02-07 15:19:16','v1391786358/ojewsxb5atw8abqmobmx.jpg',0,'http://www.kinopoisk.ru/film/1608/'),(1071,'Властелин колец: Возвращение Короля',2003,'«There can be no triumph without loss. No victory without suffering. No freedom without sacrifice»',94000000,8.62,NULL,201,0,'2014-02-11 02:44:53','2014-02-11 02:44:53','v1392086694/uxnnxidcy6ls9h9ss8dr.jpg',0,'http://www.kinopoisk.ru/film/3498/'),(1081,'Тор',2011,'«Мужество бессмертно»',150000000,7.06,NULL,115,1,'2014-02-12 18:12:18','2014-02-12 18:12:59','v1392228740/fdse7w8ffjgrzg7kog7b.jpg',0,'http://www.kinopoisk.ru/film/258941/'),(1091,'Тор 2: Царство тьмы',2013,'-',170000000,7.72,NULL,112,1,'2014-02-12 18:12:51','2014-02-12 18:13:00','v1392228773/qigfbny2dy5nq26zpwwi.jpg',0,'http://www.kinopoisk.ru/film/595938/'),(1101,'Рим (сериал 2005 – 2007)',2005,'-',NULL,8.55,NULL,55,0,'2014-02-27 09:48:08','2014-02-27 09:48:08','v1393494490/ihnlxxdh2monqi0zvooy.jpg',0,'http://www.kinopoisk.ru/film/257386/'),(1111,'Висельник',2012,'«Live by the gun. Die by the gun. Come back for more...»',NULL,4.43,NULL,90,0,'2014-03-02 05:46:13','2014-03-02 05:46:13','v1393739174/j35uls4cmzm7euoh2uy9.jpg',0,'http://www.kinopoisk.ru/film/261098/'),(1121,'Starперцы',2013,'«Мы - легенда»',28000000,7.09,NULL,105,0,'2014-03-05 11:44:06','2014-03-05 11:44:06','v1394019848/fnxcqeg1mjywozpjuqd1.jpg',0,'http://www.kinopoisk.ru/film/468571/'),(1131,'Белая мгла',2009,'«Это твой последний вздох»',35000000,6.09,NULL,101,0,'2014-03-05 11:44:35','2014-03-05 11:44:35','v1394019877/bzofrbdcvbggslz1cxna.jpg',0,'http://www.kinopoisk.ru/film/80309/'),(1141,'Почти человек (сериал 2013 – ...)',2013,'«Some cops are born. Others are made»',NULL,7.91,NULL,43,1,'2014-03-06 09:00:36','2014-03-11 12:58:25','v1394096438/u9nh174iwvtff5bo1leo.jpg',0,'http://www.kinopoisk.ru/film/733636/'),(1151,'Еще одна из рода Болейн',2008,'«Две сестры сразятся за любовь короля»',35000000,7.75,NULL,110,0,'2014-03-11 13:01:28','2014-03-11 13:01:28','v1394542889/cxph5k7huaq2cyqgqgfg.jpg',0,'http://www.kinopoisk.ru/film/195435/'),(1161,'Великолепный век (сериал 2011 – ...)',2011,'«Любовь сквозь века»',NULL,7.41,NULL,100,0,'2014-03-11 13:02:33','2014-03-11 13:02:33','v1394542954/kenj0v1updefyjkopwig.jpg',0,'http://www.kinopoisk.ru/film/610422/'),(1171,'Царство (сериал 2013 – ...)',2013,'«Love is the most dangerous subject»',NULL,7.51,NULL,43,0,'2014-03-11 13:03:04','2014-03-11 13:03:04','v1394542986/bijvnvwei5g1dbopsdzv.jpg',0,'http://www.kinopoisk.ru/film/738513/');
/*!40000 ALTER TABLE `films` ENABLE KEYS */;
UNLOCK TABLES;

--
-- Table structure for table `genres`
--

DROP TABLE IF EXISTS `genres`;
/*!40101 SET @saved_cs_client     = @@character_set_client */;
/*!40101 SET character_set_client = utf8 */;
CREATE TABLE `genres` (
  `id` int(11) NOT NULL AUTO_INCREMENT,
  `title` varchar(255) DEFAULT NULL,
  `created_at` datetime DEFAULT NULL,
  `updated_at` datetime DEFAULT NULL,
  PRIMARY KEY (`id`)
) ENGINE=InnoDB DEFAULT CHARSET=utf8;
/*!40101 SET character_set_client = @saved_cs_client */;

--
-- Dumping data for table `genres`
--

LOCK TABLES `genres` WRITE;
/*!40000 ALTER TABLE `genres` DISABLE KEYS */;
/*!40000 ALTER TABLE `genres` ENABLE KEYS */;
UNLOCK TABLES;

--
-- Table structure for table `schema_migrations`
--

DROP TABLE IF EXISTS `schema_migrations`;
/*!40101 SET @saved_cs_client     = @@character_set_client */;
/*!40101 SET character_set_client = utf8 */;
CREATE TABLE `schema_migrations` (
  `version` varchar(255) NOT NULL,
  UNIQUE KEY `unique_schema_migrations` (`version`)
) ENGINE=InnoDB DEFAULT CHARSET=utf8;
/*!40101 SET character_set_client = @saved_cs_client */;

--
-- Dumping data for table `schema_migrations`
--

LOCK TABLES `schema_migrations` WRITE;
/*!40000 ALTER TABLE `schema_migrations` DISABLE KEYS */;
INSERT INTO `schema_migrations` VALUES ('20140131122019'),('20140131122254'),('20140131122832'),('20140131122849'),('20140131131036'),('20140201115216'),('20140201125705'),('20140201131225'),('20140204000217'),('20140204011546'),('20140204022733'),('20140204024050'),('20140204024948'),('20140204025351'),('20140209113838'),('20140209120605'),('20140209120606'),('20140209120717');
/*!40000 ALTER TABLE `schema_migrations` ENABLE KEYS */;
UNLOCK TABLES;

--
-- Table structure for table `taggings`
--

DROP TABLE IF EXISTS `taggings`;
/*!40101 SET @saved_cs_client     = @@character_set_client */;
/*!40101 SET character_set_client = utf8 */;
CREATE TABLE `taggings` (
  `id` int(11) NOT NULL AUTO_INCREMENT,
  `tag_id` int(11) DEFAULT NULL,
  `taggable_id` int(11) DEFAULT NULL,
  `taggable_type` varchar(255) DEFAULT NULL,
  `tagger_id` int(11) DEFAULT NULL,
  `tagger_type` varchar(255) DEFAULT NULL,
  `context` varchar(128) DEFAULT NULL,
  `created_at` datetime DEFAULT NULL,
  PRIMARY KEY (`id`),
  UNIQUE KEY `taggings_idx` (`tag_id`,`taggable_id`,`taggable_type`,`context`,`tagger_id`,`tagger_type`)
) ENGINE=InnoDB AUTO_INCREMENT=1511 DEFAULT CHARSET=utf8;
/*!40101 SET character_set_client = @saved_cs_client */;

--
-- Dumping data for table `taggings`
--

LOCK TABLES `taggings` WRITE;
/*!40000 ALTER TABLE `taggings` DISABLE KEYS */;
INSERT INTO `taggings` VALUES (1,1,141,'Film',NULL,NULL,'directors','2014-02-10 06:38:26'),(11,11,141,'Film',NULL,NULL,'actors','2014-02-10 06:38:26'),(21,21,141,'Film',NULL,NULL,'actors','2014-02-10 06:38:26'),(31,31,141,'Film',NULL,NULL,'actors','2014-02-10 06:38:26'),(41,41,141,'Film',NULL,NULL,'actors','2014-02-10 06:38:26'),(51,51,141,'Film',NULL,NULL,'actors','2014-02-10 06:38:26'),(61,61,141,'Film',NULL,NULL,'actors','2014-02-10 06:38:26'),(71,71,251,'Film',NULL,NULL,'directors','2014-02-10 15:15:38'),(81,81,251,'Film',NULL,NULL,'actors','2014-02-10 15:15:38'),(91,91,251,'Film',NULL,NULL,'actors','2014-02-10 15:15:38'),(101,101,251,'Film',NULL,NULL,'actors','2014-02-10 15:15:38'),(111,111,251,'Film',NULL,NULL,'actors','2014-02-10 15:15:38'),(121,121,251,'Film',NULL,NULL,'actors','2014-02-10 15:15:38'),(131,131,251,'Film',NULL,NULL,'actors','2014-02-10 15:15:38'),(141,141,1071,'Film',NULL,NULL,'directors','2014-02-11 02:44:55'),(151,151,1071,'Film',NULL,NULL,'actors','2014-02-11 02:44:55'),(161,161,1071,'Film',NULL,NULL,'actors','2014-02-11 02:44:55'),(171,171,1071,'Film',NULL,NULL,'actors','2014-02-11 02:44:55'),(181,181,1071,'Film',NULL,NULL,'actors','2014-02-11 02:44:55'),(191,11,1071,'Film',NULL,NULL,'actors','2014-02-11 02:44:55'),(201,191,1071,'Film',NULL,NULL,'actors','2014-02-11 02:44:55'),(211,201,131,'Film',NULL,NULL,'directors','2014-02-11 03:53:30'),(221,211,131,'Film',NULL,NULL,'actors','2014-02-11 03:53:30'),(231,221,131,'Film',NULL,NULL,'actors','2014-02-11 03:53:30'),(241,231,131,'Film',NULL,NULL,'actors','2014-02-11 03:53:30'),(251,241,131,'Film',NULL,NULL,'actors','2014-02-11 03:53:30'),(261,251,131,'Film',NULL,NULL,'actors','2014-02-11 03:53:30'),(271,261,131,'Film',NULL,NULL,'actors','2014-02-11 03:53:30'),(281,271,771,'Film',NULL,NULL,'directors','2014-02-11 13:45:48'),(291,281,771,'Film',NULL,NULL,'directors','2014-02-11 13:45:48'),(301,291,771,'Film',NULL,NULL,'directors','2014-02-11 13:45:48'),(321,311,771,'Film',NULL,NULL,'actors','2014-02-11 13:45:48'),(331,321,771,'Film',NULL,NULL,'actors','2014-02-11 13:45:48'),(341,331,771,'Film',NULL,NULL,'actors','2014-02-11 13:45:48'),(351,341,771,'Film',NULL,NULL,'actors','2014-02-11 13:45:48'),(361,351,771,'Film',NULL,NULL,'actors','2014-02-11 13:45:48'),(371,361,771,'Film',NULL,NULL,'actors','2014-02-11 13:45:48'),(381,371,281,'Film',NULL,NULL,'directors','2014-02-11 13:48:33'),(391,381,281,'Film',NULL,NULL,'actors','2014-02-11 13:48:33'),(401,391,281,'Film',NULL,NULL,'actors','2014-02-11 13:48:33'),(411,401,281,'Film',NULL,NULL,'actors','2014-02-11 13:48:33'),(421,411,281,'Film',NULL,NULL,'actors','2014-02-11 13:48:33'),(431,421,281,'Film',NULL,NULL,'actors','2014-02-11 13:48:33'),(441,431,281,'Film',NULL,NULL,'actors','2014-02-11 13:48:33'),(451,441,291,'Film',NULL,NULL,'directors','2014-02-11 13:49:40'),(461,451,291,'Film',NULL,NULL,'directors','2014-02-11 13:49:40'),(471,461,291,'Film',NULL,NULL,'actors','2014-02-11 13:49:40'),(481,471,291,'Film',NULL,NULL,'actors','2014-02-11 13:49:40'),(491,481,291,'Film',NULL,NULL,'actors','2014-02-11 13:49:40'),(501,491,291,'Film',NULL,NULL,'actors','2014-02-11 13:49:40'),(511,501,291,'Film',NULL,NULL,'actors','2014-02-11 13:49:40'),(521,511,291,'Film',NULL,NULL,'actors','2014-02-11 13:49:40'),(531,521,171,'Film',NULL,NULL,'directors','2014-02-12 17:00:29'),(541,531,171,'Film',NULL,NULL,'actors','2014-02-12 17:00:29'),(551,541,171,'Film',NULL,NULL,'actors','2014-02-12 17:00:29'),(561,551,171,'Film',NULL,NULL,'actors','2014-02-12 17:00:29'),(571,561,171,'Film',NULL,NULL,'actors','2014-02-12 17:00:29'),(581,571,171,'Film',NULL,NULL,'actors','2014-02-12 17:00:29'),(591,581,171,'Film',NULL,NULL,'actors','2014-02-12 17:00:29'),(601,591,1081,'Film',NULL,NULL,'directors','2014-02-12 18:12:21'),(611,601,1081,'Film',NULL,NULL,'directors','2014-02-12 18:12:21'),(621,611,1081,'Film',NULL,NULL,'actors','2014-02-12 18:12:21'),(631,621,1081,'Film',NULL,NULL,'actors','2014-02-12 18:12:21'),(641,631,1081,'Film',NULL,NULL,'actors','2014-02-12 18:12:21'),(651,641,1081,'Film',NULL,NULL,'actors','2014-02-12 18:12:21'),(661,101,1081,'Film',NULL,NULL,'actors','2014-02-12 18:12:21'),(671,651,1081,'Film',NULL,NULL,'actors','2014-02-12 18:12:21'),(681,661,1091,'Film',NULL,NULL,'directors','2014-02-12 18:12:53'),(691,611,1091,'Film',NULL,NULL,'actors','2014-02-12 18:12:53'),(701,621,1091,'Film',NULL,NULL,'actors','2014-02-12 18:12:53'),(711,631,1091,'Film',NULL,NULL,'actors','2014-02-12 18:12:53'),(721,641,1091,'Film',NULL,NULL,'actors','2014-02-12 18:12:53'),(731,671,1091,'Film',NULL,NULL,'actors','2014-02-12 18:12:53'),(741,681,1091,'Film',NULL,NULL,'actors','2014-02-12 18:12:53'),(751,691,671,'Film',NULL,NULL,'directors','2014-02-27 09:45:50'),(761,701,671,'Film',NULL,NULL,'directors','2014-02-27 09:45:50'),(771,711,671,'Film',NULL,NULL,'directors','2014-02-27 09:45:50'),(781,721,671,'Film',NULL,NULL,'directors','2014-02-27 09:45:50'),(791,731,671,'Film',NULL,NULL,'actors','2014-02-27 09:45:50'),(801,741,671,'Film',NULL,NULL,'actors','2014-02-27 09:45:50'),(811,751,671,'Film',NULL,NULL,'actors','2014-02-27 09:45:50'),(821,761,671,'Film',NULL,NULL,'actors','2014-02-27 09:45:50'),(831,771,671,'Film',NULL,NULL,'actors','2014-02-27 09:45:50'),(841,781,671,'Film',NULL,NULL,'actors','2014-02-27 09:45:50'),(851,791,1101,'Film',NULL,NULL,'directors','2014-02-27 09:48:11'),(861,801,1101,'Film',NULL,NULL,'directors','2014-02-27 09:48:11'),(871,811,1101,'Film',NULL,NULL,'directors','2014-02-27 09:48:11'),(881,721,1101,'Film',NULL,NULL,'directors','2014-02-27 09:48:11'),(891,821,1101,'Film',NULL,NULL,'actors','2014-02-27 09:48:11'),(901,831,1101,'Film',NULL,NULL,'actors','2014-02-27 09:48:11'),(911,841,1101,'Film',NULL,NULL,'actors','2014-02-27 09:48:11'),(921,851,1101,'Film',NULL,NULL,'actors','2014-02-27 09:48:11'),(931,341,1101,'Film',NULL,NULL,'actors','2014-02-27 09:48:11'),(941,861,1101,'Film',NULL,NULL,'actors','2014-02-27 09:48:11'),(951,871,1111,'Film',NULL,NULL,'directors','2014-03-02 05:46:15'),(961,881,1111,'Film',NULL,NULL,'actors','2014-03-02 05:46:15'),(971,891,1111,'Film',NULL,NULL,'actors','2014-03-02 05:46:15'),(981,901,1111,'Film',NULL,NULL,'actors','2014-03-02 05:46:15'),(991,911,1111,'Film',NULL,NULL,'actors','2014-03-02 05:46:15'),(1001,921,1111,'Film',NULL,NULL,'actors','2014-03-02 05:46:15'),(1011,931,1111,'Film',NULL,NULL,'actors','2014-03-02 05:46:15'),(1021,941,1121,'Film',NULL,NULL,'directors','2014-03-05 11:44:09'),(1031,951,1121,'Film',NULL,NULL,'actors','2014-03-05 11:44:09'),(1041,961,1121,'Film',NULL,NULL,'actors','2014-03-05 11:44:09'),(1051,971,1121,'Film',NULL,NULL,'actors','2014-03-05 11:44:09'),(1061,981,1121,'Film',NULL,NULL,'actors','2014-03-05 11:44:09'),(1071,991,1121,'Film',NULL,NULL,'actors','2014-03-05 11:44:09'),(1081,1001,1121,'Film',NULL,NULL,'actors','2014-03-05 11:44:09'),(1091,1011,1131,'Film',NULL,NULL,'directors','2014-03-05 11:44:37'),(1101,1021,1131,'Film',NULL,NULL,'actors','2014-03-05 11:44:38'),(1111,1031,1131,'Film',NULL,NULL,'actors','2014-03-05 11:44:38'),(1121,1041,1131,'Film',NULL,NULL,'actors','2014-03-05 11:44:38'),(1131,1051,1131,'Film',NULL,NULL,'actors','2014-03-05 11:44:38'),(1141,1061,1131,'Film',NULL,NULL,'actors','2014-03-05 11:44:38'),(1151,1071,1131,'Film',NULL,NULL,'actors','2014-03-05 11:44:38'),(1161,1081,1141,'Film',NULL,NULL,'directors','2014-03-06 09:00:39'),(1171,1091,1141,'Film',NULL,NULL,'directors','2014-03-06 09:00:39'),(1181,1101,1141,'Film',NULL,NULL,'directors','2014-03-06 09:00:39'),(1191,721,1141,'Film',NULL,NULL,'directors','2014-03-06 09:00:39'),(1201,1111,1141,'Film',NULL,NULL,'actors','2014-03-06 09:00:39'),(1211,1121,1141,'Film',NULL,NULL,'actors','2014-03-06 09:00:39'),(1221,1131,1141,'Film',NULL,NULL,'actors','2014-03-06 09:00:39'),(1231,1141,1141,'Film',NULL,NULL,'actors','2014-03-06 09:00:39'),(1241,1151,1141,'Film',NULL,NULL,'actors','2014-03-06 09:00:39'),(1251,1161,1141,'Film',NULL,NULL,'actors','2014-03-06 09:00:39'),(1261,1171,1151,'Film',NULL,NULL,'directors','2014-03-11 13:01:30'),(1271,621,1151,'Film',NULL,NULL,'actors','2014-03-11 13:01:30'),(1281,1181,1151,'Film',NULL,NULL,'actors','2014-03-11 13:01:30'),(1291,1191,1151,'Film',NULL,NULL,'actors','2014-03-11 13:01:30'),(1301,1201,1151,'Film',NULL,NULL,'actors','2014-03-11 13:01:30'),(1311,1211,1151,'Film',NULL,NULL,'actors','2014-03-11 13:01:30'),(1321,1221,1151,'Film',NULL,NULL,'actors','2014-03-11 13:01:30'),(1331,1231,1161,'Film',NULL,NULL,'directors','2014-03-11 13:02:35'),(1341,1241,1161,'Film',NULL,NULL,'directors','2014-03-11 13:02:35'),(1351,1251,1161,'Film',NULL,NULL,'actors','2014-03-11 13:02:35'),(1361,1261,1161,'Film',NULL,NULL,'actors','2014-03-11 13:02:35'),(1371,1271,1161,'Film',NULL,NULL,'actors','2014-03-11 13:02:35'),(1381,1281,1161,'Film',NULL,NULL,'actors','2014-03-11 13:02:35'),(1391,1291,1161,'Film',NULL,NULL,'actors','2014-03-11 13:02:35'),(1401,1301,1161,'Film',NULL,NULL,'actors','2014-03-11 13:02:35'),(1411,1311,1171,'Film',NULL,NULL,'directors','2014-03-11 13:03:07'),(1421,1321,1171,'Film',NULL,NULL,'directors','2014-03-11 13:03:07'),(1431,1331,1171,'Film',NULL,NULL,'directors','2014-03-11 13:03:07'),(1441,721,1171,'Film',NULL,NULL,'directors','2014-03-11 13:03:07'),(1451,1341,1171,'Film',NULL,NULL,'actors','2014-03-11 13:03:07'),(1461,1351,1171,'Film',NULL,NULL,'actors','2014-03-11 13:03:07'),(1471,1361,1171,'Film',NULL,NULL,'actors','2014-03-11 13:03:07'),(1481,1371,1171,'Film',NULL,NULL,'actors','2014-03-11 13:03:07'),(1491,1381,1171,'Film',NULL,NULL,'actors','2014-03-11 13:03:07'),(1501,1391,1171,'Film',NULL,NULL,'actors','2014-03-11 13:03:07');
/*!40000 ALTER TABLE `taggings` ENABLE KEYS */;
UNLOCK TABLES;

--
-- Table structure for table `tags`
--

DROP TABLE IF EXISTS `tags`;
/*!40101 SET @saved_cs_client     = @@character_set_client */;
/*!40101 SET character_set_client = utf8 */;
CREATE TABLE `tags` (
  `id` int(11) NOT NULL AUTO_INCREMENT,
  `name` varchar(255) DEFAULT NULL,
  PRIMARY KEY (`id`),
  UNIQUE KEY `index_tags_on_name` (`name`)
) ENGINE=InnoDB AUTO_INCREMENT=1401 DEFAULT CHARSET=utf8;
/*!40101 SET character_set_client = @saved_cs_client */;

--
-- Dumping data for table `tags`
--

LOCK TABLES `tags` WRITE;
/*!40000 ALTER TABLE `tags` DISABLE KEYS */;
INSERT INTO `tags` VALUES (721,'...'),(1341,'Аделаида Кэйн'),(1381,'Алан Ван Спрэнг'),(811,'Алан Пол'),(661,'Алан Тейлор'),(1061,'Алекс О’Локлин'),(801,'Аллен Култер'),(1211,'Ана Торрент'),(461,'Антонио Бандерас'),(131,'Биби Андерссон'),(251,'Билли Крудап'),(1081,'Брэд Андерсон'),(121,'Венсан Перес'),(161,'Вигго Мортенсен'),(481,'Владимир Кулих'),(331,'Вэлори Керри'),(51,'Гасан Масуд'),(1031,'Гэбриел Махт'),(1171,'Джастин Чадвик'),(681,'Джейми Александер'),(381,'Джеймс Кэвизел'),(341,'Джеймс Пьюрфой'),(401,'Джек Хьюстон'),(241,'Джеки Эрл Хейли'),(731,'Джереми Айронс'),(1321,'Джеримайя С. Чечик'),(1001,'Джерри Феррара'),(261,'Джеффри Дин Морган'),(1201,'Джим Стёрджесс'),(441,'Джон МакТирнан'),(711,'Джон Мэйбери'),(941,'Джон Тёртелтауб'),(411,'Джон Хёрт'),(601,'Джосс Уидон'),(281,'Джошуа Батлер'),(781,'Джоэнн Уэлли'),(191,'Доминик Монахэн'),(1011,'Доминик Сена'),(1231,'Дурул Тайлан'),(41,'Дэвид Тьюлис'),(501,'Дэниэл Саузерн'),(491,'Дэннис Сторхой'),(21,'Ева Грин'),(201,'Зак Снайдер'),(181,'Иэн МакКеллен'),(861,'Иэн МакНис'),(81,'Йоаким Наттерквист'),(701,'Кари Скогланд'),(1111,'Карл Урбан'),(311,'Кевин Бейкон'),(981,'Кевин Клайн'),(821,'Кевин МакКидд'),(891,'Кевин Ховарт'),(1021,'Кейт Бекинсейл'),(591,'Кеннет Брана'),(1101,'Кеннет Финк'),(851,'Керри Кондон'),(421,'Клифф Сондерс'),(1051,'Коламбус Шорт'),(611,'Крис Хемсворт'),(671,'Кристофер Экклстон'),(651,'Кэт Деннингс'),(61,'Лиам Нисон'),(291,'Лиз Фридлендер'),(1161,'Лили Тейлор'),(791,'Майкл Аптед'),(951,'Майкл Дуглас'),(1121,'Майкл Или'),(1141,'Майкл Ирби'),(451,'Майкл Крайтон'),(1151,'Макензи Крук'),(231,'Малин Акерман'),(1221,'Марк Райлэнс'),(271,'Маркос Сига'),(31,'Мартон Чокаш'),(1371,'Меган Фоллоуз'),(1261,'Мерьем Узерли'),(1131,'Минка Келли'),(971,'Морган Фриман'),(991,'Мэри Стинберген'),(221,'Мэттью Гуд'),(541,'Насируддин Шах'),(351,'Натали Зи'),(621,'Натали Портман'),(1271,'Небахат Чехре'),(361,'Нико Торторелла'),(691,'Нил Джордан'),(511,'Нил Маффин'),(1291,'Нур Айсан'),(1281,'Окан Ялабык'),(471,'Омар Шариф'),(11,'Орландо Блум'),(431,'Патрик Стивенсон'),(211,'Патрик Уилсон'),(551,'Пета Уилсон'),(71,'Петер Флинт'),(141,'Питер Джексон'),(761,'Питер Салливан'),(841,'Полли Уокер'),(901,'Райли Смит'),(1,'Ридли Скотт'),(961,'Роберт Де Ниро'),(831,'Рэй Стивенсон'),(111,'Саймон Кэллоу'),(1391,'Селина Синден'),(1301,'Сельма Эргеч'),(921,'Симона Роман'),(1181,'Скарлетт Йоханссон'),(391,'София Майлс'),(91,'София Хелин'),(101,'Стеллан Скарсгард'),(521,'Стивен Норрингтон'),(931,'Стивен Элдер'),(571,'Стюарт Таунсенд'),(1091,'Сэм Хилл'),(911,'Танит Феникс'),(1351,'Тоби Регбо'),(1041,'Том Скеррит'),(631,'Том Хиддлстон'),(561,'Тони Карран'),(1361,'Торранс Кумбс'),(881,'Уэсли Снайпс'),(741,'Франсуа Арно'),(1331,'Фред Гербер'),(1251,'Халит Эргенч'),(371,'Ховард МакКейн'),(1311,'Холли Дэйл'),(751,'Холлидей Грейнджер'),(1071,'Шон Дойл'),(531,'Шон Коннери'),(771,'Шон Харрис'),(171,'Шон Эстин'),(321,'Шон Эшмор'),(581,'Шэйн Уэст'),(151,'Элайджа Вуд'),(871,'Эндрю Гот'),(641,'Энтони Хопкинс'),(1191,'Эрик Бана'),(1241,'Ягмур Тайлан');
/*!40000 ALTER TABLE `tags` ENABLE KEYS */;
UNLOCK TABLES;

--
-- Table structure for table `views`
--

DROP TABLE IF EXISTS `views`;
/*!40101 SET @saved_cs_client     = @@character_set_client */;
/*!40101 SET character_set_client = utf8 */;
CREATE TABLE `views` (
  `id` int(11) NOT NULL AUTO_INCREMENT,
  `viewable_id` int(11) DEFAULT NULL,
  `viewable_type` varchar(255) DEFAULT NULL,
  `created_at` datetime DEFAULT NULL,
  `updated_at` datetime DEFAULT NULL,
  PRIMARY KEY (`id`),
  KEY `index_views_on_viewable_id_and_viewable_type` (`viewable_id`,`viewable_type`)
) ENGINE=InnoDB AUTO_INCREMENT=181 DEFAULT CHARSET=utf8;
/*!40101 SET character_set_client = @saved_cs_client */;

--
-- Dumping data for table `views`
--

LOCK TABLES `views` WRITE;
/*!40000 ALTER TABLE `views` DISABLE KEYS */;
/*!40000 ALTER TABLE `views` ENABLE KEYS */;
UNLOCK TABLES;
/*!40103 SET TIME_ZONE=@OLD_TIME_ZONE */;

/*!40101 SET SQL_MODE=@OLD_SQL_MODE */;
/*!40014 SET FOREIGN_KEY_CHECKS=@OLD_FOREIGN_KEY_CHECKS */;
/*!40014 SET UNIQUE_CHECKS=@OLD_UNIQUE_CHECKS */;
/*!40101 SET CHARACTER_SET_CLIENT=@OLD_CHARACTER_SET_CLIENT */;
/*!40101 SET CHARACTER_SET_RESULTS=@OLD_CHARACTER_SET_RESULTS */;
/*!40101 SET COLLATION_CONNECTION=@OLD_COLLATION_CONNECTION */;
/*!40111 SET SQL_NOTES=@OLD_SQL_NOTES */;

-- Dump completed on 2014-03-11 17:38:44
